,train loss,true loss,val acc,loss term 1,loss term 2
0,711.0006169080734,941.9947493076324,0.1015,1.6142303943634033,0.2134074866771698
1,775.6920191049576,935.1177430152893,0.1325,1.753713607788086,0.19999337196350098
